{
  "theta_names": null,
  "all_model_fits": null,
  "converged": true,
  "theta0": [
    -0.3399295112731391,
    -1.4442840012301845
  ],
  "vcov": null,
  "time_it_took": 0.0002452,
  "n_moms": 2,
  "moms_hat": null,
  "theta_hat": [
    4.969793004253947,
    1.1912045293509932
  ],
  "mode": "unassigned",
  "n_obs": 398,
  "iteration_limit_reached": false,
  "obj_value": 2.851681748201982e-24,
  "iterations": 2,
  "weights": null,
  "W": [
    [
      0.7160381402040418,
      -0.043487516296842874
    ],
    [
      -0.043487516296842874,
      0.0027167729488171153
    ]
  ],
  "idx": 19
}
