{
  "theta_names": null,
  "fit_step1": null,
  "all_model_fits": null,
  "converged": true,
  "theta0": [
    -0.7384760536216124,
    -1.0047544925911729
  ],
  "vcov": null,
  "time_it_took": 0.0001335,
  "n_moms": 2,
  "theta_hat": [
    4.969793004253917,
    1.1912045293501956
  ],
  "mode": "unassigned",
  "n_obs": 398,
  "iteration_limit_reached": false,
  "obj_value": 4.7571704840746475e-27,
  "moms_at_theta_hat": null,
  "weights": null,
  "W": [
    [
      0.7160381402040485,
      -0.043487516296843304
    ],
    [
      -0.043487516296843304,
      0.0027167729488171426
    ]
  ],
  "iterations": 2,
  "idx": 135
}
