{
  "theta_names": null,
  "fit_step1": null,
  "all_model_fits": null,
  "converged": true,
  "theta0": [
    -0.6702076614751001,
    1.4503071333595194
  ],
  "vcov": null,
  "time_it_took": 0.0001786,
  "n_moms": 2,
  "theta_hat": [
    4.9697930042539245,
    1.1912045293502265
  ],
  "mode": "unassigned",
  "n_obs": 398,
  "iteration_limit_reached": false,
  "obj_value": 1.1785921763072725e-28,
  "moms_at_theta_hat": null,
  "weights": null,
  "W": {
    "λ": true
  },
  "iterations": 3,
  "idx": 11
}
